Book Id,Title,Author,Author l-f,Additional Authors,ISBN,ISBN13,My Rating,Average Rating,Publisher,Binding,Number of Pages,Year Published,Original Publication Year,Date Read,Date Added,Bookshelves,Bookshelves with positions,Exclusive Shelf,My Review,Spoiler,Private Notes,Read Count,Owned Copies
57905101,"The Gate of the Feral Gods (Dungeon Crawler Carl, #4)",Matt Dinniman,"Dinniman, Matt",,"=""""","=""""",0,4.57,Dandy House,Kindle Edition,586,2021,2021,,2025/05/05,currently-reading,currently-reading (#4),currently-reading,,,,1,0
57001971,"The Dungeon Anarchist's Cookbook (Dungeon Crawler Carl, #3)",Matt Dinniman,"Dinniman, Matt",,"=""""","=""""",5,4.48,Dandy House,Kindle Edition,534,2021,2021,2025/05/04,2025/04/14,,,read,,,,1,0
56377548,"Carl's Doomsday Scenario (Dungeon Crawler Carl, #2)",Matt Dinniman,"Dinniman, Matt",,"=""""","=""""",5,4.54,Dandy House,Kindle Edition,364,2021,2021,,2025/04/15,,,read,,,,1,0
9969571,"Ready Player One (Ready Player One, #1)",Ernest Cline,"Cline, Ernest",,"=""030788743X""","=""9780307887436""",4,4.23,Crown Publishers,Hardcover,480,2011,2011,,2016/10/18,,,read,,,,1,0
29579,"Foundation (Foundation, #1)",Isaac Asimov,"Asimov, Isaac",,"=""0553803719""","=""9780553803716""",3,4.17,Bantam,Hardcover,244,2004,1951,,2016/10/18,,,read,,,,1,0
168668,Catch-22,Joseph Heller,"Heller, Joseph",,"=""0684833395""","=""9780684833392""",2,3.99,Simon & Schuster ,Paperback,453,2004,1961,,2016/10/18,,,read,,,,1,0
54659324,"Dungeon Crawler Carl (Dungeon Crawler Carl, #1)",Matt Dinniman,"Dinniman, Matt",,"=""""","=""""",5,4.51,Dandy House,Kindle Edition,446,2020,2020,2025/04/15,2025/03/26,,,read,,,,1,0
123224262,"The Well of Ascension (Mistborn, #2)",Brandon Sanderson,"Sanderson, Brandon",,"=""""","=""""",5,4.38,Tor Books,Kindle Edition,624,2023,2007,2025/03/23,2024/12/03,,,read,,,,1,0
50009069,"The Blade Itself (The First Law, #1)",Joe Abercrombie,"Abercrombie, Joe",,"=""0316387339""","=""9780316387330""",3,4.22,Orbit,Kindle Edition,536,2015,2006,2025/03/23,2025/01/29,,,read,,,,1,0
124937343,"Dandadan, Vol. 5",Yukinobu Tatsu,"Tatsu, Yukinobu",,"=""1974741923""","=""9781974741922""",5,4.51,VIZ Media LLC,Kindle Edition,218,2023,2022,2025/01/30,2025/01/30,,,read,,,,1,0
123224266,"The Hero of Ages (Mistborn, #3)",Brandon Sanderson,"Sanderson, Brandon",,"=""""","=""""",5,4.55,Tor Books,Kindle Edition,586,2023,2008,2025/01/28,2025/01/28,,,read,,,,1,0
28686959,Based on a True Story: A Memoir,Norm Macdonald,"Macdonald, Norm",,"=""0812993624""","=""9780812993622""",0,4.02,Random House,Hardcover,256,2016,2016,,2025/01/08,to-read,to-read (#4),to-read,,,,0,0
68428,"Mistborn: The Final Empire (Mistborn, #1)",Brandon Sanderson,"Sanderson, Brandon",,"=""""","=""9780765311788""",5,4.49,Tor Books,Hardcover,541,2006,2006,2024/11/21,2024/12/21,,,read,,,,2,0
54852559,Japanese Short Stories for Beginners: 20 Captivating Short Stories to Learn Japanese & Grow Your Vocabulary the Fun Way! (Easy Japanese Stories) Vol. 1,Lingo Mastery,"Mastery, Lingo",,"=""""","=""""",0,4.24,,Kindle Edition,205,2020,2020,,2024/11/09,to-read,to-read (#3),to-read,,,,0,0
653251,Japanese Sentence Patterns for Effective Communication: A Self-Study Course and Reference,Taeko Kamiya,"Kamiya, Taeko",,"=""4770029837""","=""9784770029836""",0,4.34,Kodansha,Paperback,366,2005,2005,,2024/11/09,to-read,to-read (#2),to-read,,,,0,0
186074,"The Name of the Wind (The Kingkiller Chronicle, #1)",Patrick Rothfuss,"Rothfuss, Patrick",,"=""075640407X""","=""9780756404079""",5,4.52,Penguin Group DAW,Hardcover,662,2007,2007,,2024/10/27,,,read,,,,1,0
60321447,Chip War: The Fight for the World's Most Critical Technology,Chris   Miller,"Miller, Chris",,"=""1982172002""","=""9781982172008""",0,4.42,Scribner,Hardcover,464,2022,2022,,2024/10/27,to-read,to-read (#1),to-read,,,,0,0
24685115,"Morning Star (Red Rising, #3)",Pierce Brown,"Brown, Pierce",,"=""0345539850""","=""9780345539854""",5,4.53,Del Rey,Kindle Edition,526,2016,2016,2024/10/27,2024/08/21,,,read,,,,1,0
21425079,"Golden Son (Red Rising Saga, #2)",Pierce Brown,"Brown, Pierce",,"=""""","=""""",5,4.48,Del Rey,Kindle Edition,465,2015,2015,2024/08/21,2024/08/09,,,read,,,,1,0
34873380,"Red Rising (Red Rising Saga, #1)",Pierce Brown,"Brown, Pierce",,"=""""","=""""",5,4.27, Random House LLC,Kindle Edition,401,2014,2014,2024/08/09,2024/08/09,,,read,,,,1,0
123960549,Learn Japanese in Bed: Because sometimes studying at a desk sounds just awful,Nicholas 'Niko' Walker,"Walker, Nicholas 'Niko'",,"=""""","=""""",5,4.07,,Kindle Edition,248,2023,,2024/05/03,2024/05/03,,,read,,,,1,0
54906250,Project Hail Mary,Andy Weir,"Weir, Andy",,"=""""","=""""",4,4.50,Ballantine Books,ebook,549,2021,2021,2024/02/05,2024/02/05,,,read,,,,1,0
57504944,The Practice of Groundedness: A Transformative Path to Success That Feeds--Not Crushes--Your Soul,Brad Stulberg,"Stulberg, Brad",,"=""0593329902""","=""9780593329900""",5,4.12,Portfolio,Kindle Edition,288,2021,2021,2023/12/07,2023/12/07,,,read,,,,1,0
17697801,"The Republic of Thieves (Gentleman Bastard, #3)",Scott Lynch,"Lynch, Scott",,"=""0553905589""","=""9780553905588""",0,4.22,Del Rey,Kindle Edition,754,2013,2013,,2023/08/23,currently-reading,currently-reading (#3),currently-reading,,,,1,0
40604556,"Red Seas Under Red Skies (Gentleman Bastard, #2)",Scott Lynch,"Lynch, Scott",,"=""""","=""""",5,4.25,Del Rey,Kindle Edition,578,2018,2007,2023/08/23,2023/04/03,,,read,,,,1,0
51202930,Breath: The New Science of a Lost Art,James Nestor,"Nestor, James",,"=""""","=""""",0,4.15,Riverhead Books,Kindle Edition,301,2020,2020,,2023/05/04,currently-reading,currently-reading (#2),currently-reading,,,,1,0
29588376,"The Lies of Locke Lamora (Gentleman Bastard, #1)",Scott Lynch,"Lynch, Scott",,"=""""","=""""",5,4.31,Spectra,Kindle Edition,752,2016,2006,2023/04/03,2023/04/03,,,read,,,,1,0
39943902,Fire & Blood,George R.R. Martin,"Martin, George R.R.",Doug Wheatley,"=""""","=""""",0,4.05,Bantam,ebook,787,2018,2018,,2022/10/24,currently-reading,currently-reading (#1),currently-reading,,,,1,0
52036,Siddhartha,Hermann Hesse,"Hesse, Hermann","Hilda Rosner, Zigmantas Ardickas","=""""","=""""",5,4.08,Bantam Books,Mass Market Paperback,152,1981,1922,,2016/10/18,,,read,,,,1,0
4981,Slaughterhouse-Five,Kurt Vonnegut Jr.,"Jr., Kurt Vonnegut",,"=""""","=""""",4,4.10,Dial Press,Paperback,275,1999,1969,,2016/10/18,,,read,,,,1,0
17736859,"The Story of the Human Body: Evolution, Health, and Disease",Daniel E. Lieberman,"Lieberman, Daniel E.",,"=""0307907414""","=""9780307907417""",5,4.26,Vintage,ebook,480,2013,2013,,2016/10/18,,,read,,,,1,0
46170,For Whom the Bell Tolls,Ernest Hemingway,"Hemingway, Ernest",,"=""""","=""""",5,3.98,Scribner,Paperback,471,1995,1940,,2016/10/18,,,read,,,,1,0
34,"The Fellowship of the Ring (The Lord of the Rings, #1)",J.R.R. Tolkien,"Tolkien, J.R.R.","Francis Ledoux, Maria Skibniewska","=""0618346252""","=""9780618346257""",5,4.40,Houghton Mifflin Harcourt,Paperback,398,2003,1954,,2016/10/18,,,read,,,,1,0
22318578,The Life-Changing Magic of Tidying Up: The Japanese Art of Decluttering and Organizing,Marie Kondō,"Kondō, Marie",,"=""1607747308""","=""9781607747307""",5,3.88,Ten Speed Press,Hardcover,213,2014,2010,,2016/10/18,,,read,,,,1,0
375802,"Ender’s Game (Ender's Saga, #1)",Orson Scott Card,"Card, Orson Scott",,"=""0812550706""","=""9780812550702""",5,4.31,Tor,Mass Market Paperback,324,2004,1985,,2016/10/18,,,read,,,,1,0
7082,Do Androids Dream of Electric Sheep?,Philip K. Dick,"Dick, Philip K.",Roger Zelazny,"=""""","=""""",4,4.09,Del Rey / Ballantine Books,Paperback,244,1996,1968,,2016/10/18,,,read,,,,1,0
5129,Brave New World,Aldous Huxley,"Huxley, Aldous",,"=""0060929871""","=""9780060929879""",5,3.99,HarperPerennial / Perennial Classics,Paperback,268,1998,1932,,2016/10/18,,,read,,,,1,0
11298,"A Wild Sheep Chase (The Rat, #3)",Haruki Murakami,"Murakami, Haruki",Alfred Birnbaum,"=""037571894X""","=""9780375718946""",4,3.94,Vintage,Paperback,353,2002,1982,,2016/10/18,,,read,,,,1,0
19288239,Colorless Tsukuru Tazaki and His Years of Pilgrimage,Haruki Murakami,"Murakami, Haruki",Philip Gabriel,"=""0385352107""","=""9780385352109""",5,3.87,Alfred A. Knopf,Hardcover,386,2014,2013,,2016/10/18,,,read,,,,1,0
10374,Hard-Boiled Wonderland and the End of the World,Haruki Murakami,"Murakami, Haruki",Alfred Birnbaum,"=""""","=""""",5,4.12,Vintage,Paperback,400,2003,1985,,2016/10/18,,,read,,,,1,0
11275,The Wind-Up Bird Chronicle,Haruki Murakami,"Murakami, Haruki",Jay Rubin,"=""0965341984""","=""9780965341981""",5,4.14,Knopf,Paperback,607,1997,1994,,2016/10/18,,,read,,,,1,0
26530331,The Rise and Fall of Nations: Forces of Change in the Post-Crisis World,Ruchir Sharma,"Sharma, Ruchir",,"=""0393248895""","=""9780393248890""",5,4.14,W. W. Norton & Company,Hardcover,480,2016,2016,,2016/10/18,,,read,,,,1,0
13496,"A Game of Thrones (A Song of Ice and Fire, #1)",George R.R. Martin,"Martin, George R.R.",,"=""0553588486""","=""9780553588484""",5,4.45,Bantam,Mass Market Paperback,835,2005,1996,,2016/10/18,,,read,,,,1,0
960,"Angels & Demons (Robert Langdon, #1)",Dan    Brown,"Brown, Dan",,"=""1416524797""","=""9781416524793""",4,3.95,Pocket Books,Paperback,736,2006,2000,,2016/10/18,,,read,,,,1,0
5470,1984,George Orwell,"Orwell, George",,"=""""","=""""",5,4.20,New American Library,Mass Market Paperback,328,1950,1949,,2016/10/18,,,read,,,,1,0
